Event Name,Start Time,End Time,Event ID,Created
GET NEW CAR TITLE,1/14/2015 2:00pm,1/14/2015 3:00pm,_6l138e2688s4cb9n6514ab9k8533ab9p6l1kab9j88r3eghi88o48dq184,12/15/2025 3:36pm
MUSEUM OF LIFE & SCIENCE FREE DAY!,10/7/2025 12:00pm,10/7/2025 7:00pm,_8grk2h1k70rj8b9p88ok8b9k8h2kcba28osjcba38l332g9m8opkcha670,8/20/2025 9:11am
Meg Palmer: Adrial Designs Meeting (25 mins),10/8/2025 3:30pm,10/8/2025 3:55pm,rjbhutsot5ei2kbmvk0e5f253o,10/6/2025 12:03pm
Transition Call for NNC,10/9/2025 12:30pm,10/9/2025 1:30pm,_60q30c1g60o30e1i60o4ac1g60rj8gpl88rj2c1h84s34h9g60s30c1g60o30c1g6ss3cgpj8krj2hhh6cp48gpg64o30c1g60o30c1g60o30c1g60o32c1g60o30c1g8l136dpp74q4ce9h6kp3idhk8p13ehi48gpj8gpg68ok2chh890g,10/1/2025 12:42pm
MTG: CRAIG (PRE-LAUNCH),10/9/2025 5:00pm,10/9/2025 6:00pm,_8cqk4di68p33iba56ookab9k6l2j8ba170sj4b9o84rj2h9o61142dq66k,10/9/2025 7:14pm
MTG: DON (PRE-LAUNCH),10/9/2025 6:00pm,10/9/2025 7:00pm,_64sk8h9g6923cba56soj4b9k8l23cb9o8ook8b9k8d1kcghh8cs44d1l68,10/9/2025 7:14pm
DEFINIAN WORK!,10/10/2025 11:00am,10/10/2025 1:55pm,_6t2k2gq58p0j6b9i6t0j2b9k74r4aba164oj8b9o8p34cga68d1jgg9p6c,10/9/2025 5:47pm
Flu shot,10/10/2025 2:45pm,10/10/2025 3:45pm,_6kr4cd9m88pkcba16p2jab9k6or3ab9o8ork2b9k74o32dhi8osjeg9h6k,9/9/2025 5:05pm
Intertribal powwow,10/11/2025 11:30am,10/11/2025 6:30pm,_6kok4d9i8p14cba18923cb9k70oj8b9o84o38ba48l34ad258d2k4h9g8g,9/17/2025 12:43am
ADRIAL HAIRCUT (4 wks),10/12/2025 3:00pm,10/12/2025 4:00pm,_6cq42g9p8csjaba28cs46b9k64sjgba16d2k6b9j6t34cgpk8gojadi184,10/13/2025 8:17pm
CLEF HANGERS AT SOUTHERN VILLAGE GREEN,10/12/2025 4:00pm,10/12/2025 7:00pm,_6114cdq289348ba48d23gb9k6go3ib9p68o3eba48h0jac1j8gr36e1p8g,9/25/2025 12:51pm
MTG: KIRAN (TOSS THE COIN),10/14/2025 10:00am,10/14/2025 11:00am,_68p3ge1m8l0k6b9n6kpjeb9k8co3eba16d2jgb9l64p34d9i68qj4ca468,10/6/2025 8:22pm
[BLOCKED OFF],10/14/2025 1:00pm,10/14/2025 5:00pm,_6l2jiea46co3cb9p6913ab9k6h338ba28ksj4b9o6osj4c9o8oqkcc2270,10/13/2025 8:09pm
[BLOCKED OFF],10/14/2025 3:00pm,10/14/2025 11:00pm,_84oj2d9l890jcb9h84qj4b9k69234ba26d34cba48d344e216os34ga664,10/13/2025 8:06pm
[BLOCKED OFF],10/14/2025 3:00pm,10/14/2025 7:00pm,_7133ge2370okab9k64pj6b9k8h0j4b9o892jcb9p70o3idi684q3icpj84,10/13/2025 8:09pm
MTG: KAIDA & AARON,10/15/2025 1:00am,10/15/2025 2:00am,_8osk4hi48cqk8b9l64s3cb9k6d2k6ba16p1j4b9j6kpk2cph6kp46ca28k,10/13/2025 11:07pm
[BLOCKED OFF],10/15/2025 10:00am,10/15/2025 1:00pm,_64q34h1k68o3aba188rk4b9k84r44ba264pj2ba169342e1i8cq3gd1m6c,10/13/2025 8:10pm
LUNCH,10/15/2025 1:00pm,10/15/2025 2:00pm,_8go48dhi8l144ba384sk8b9k891k2b9o6ksj8b9i6p144h1g8or42gpk88,10/13/2025 8:10pm
[BLOCKED OFF],10/15/2025 2:00pm,10/15/2025 5:45pm,_68sjcga668rkab9h6gpjab9k6spkcba174ok6b9l6t34aca26oo3gd1i60,10/13/2025 8:10pm
Becky Lee: Adrial Designs Meeting (50 mins),10/16/2025 12:00pm,10/16/2025 12:50pm,k1ea87t4b4rm2rq6faa9phi19k,10/7/2025 10:11am
LUNCH,10/16/2025 12:45pm,10/16/2025 1:30pm,_750j2gi3610jaba56cq44b9k70pjaba2651jaba46sr32hi66kr34chp6g,10/13/2025 8:10pm
Heather physical at Carrboro appt 2-3,10/16/2025 1:30pm,10/16/2025 3:30pm,_60p36cpp88pjab9h61248b9k8csjgb9o6l2jgb9p74rj2c1l8os38di274,10/10/2024 2:46pm
MTG: FORTITUDE 1:30-3P,10/16/2025 1:30pm,10/16/2025 4:00pm,_6cpkad9i8cq3gb9j8kpk6b9k6133iba26h0kcb9h6oqkcca284r3acpp8g,10/16/2025 3:19pm
MTG: FORTITUDE 1:30-3P,10/16/2025 1:30pm,10/16/2025 4:00pm,_6cpkad9i8cq3gb9j8kpk6b9k6133iba26h0kcb9h6oqkcca284r3acpp8g_20251016T173000Z,10/16/2025 3:19pm
[BLOCKED OFF],10/16/2025 4:00pm,10/16/2025 7:00pm,_8oq4cdpj6h2jcb9h6p1jib9k70q48b9o6ssj2b9j6crjccq48p2jeh9p8c,10/13/2025 8:11pm
[BLOCKED OFF],10/16/2025 5:00pm,10/16/2025 7:00pm,_64pjcc9i6t1j6b9l8gq4cb9k612k2ba26p2k2b9h6123agpi8534ce9h6k,10/13/2025 8:18pm
Catherine  Rierson : Adrial Designs Meeting (50 mins),10/17/2025 12:00pm,10/17/2025 12:50pm,03v4k3oahvk7hlcipmgabpsukk,10/11/2025 8:30pm
LUNCH,10/17/2025 1:00pm,10/17/2025 2:00pm,_6d134h246or38ba16grj0b9k64pk8ba288o38b9g6kojic236h1k6cpn6c,10/13/2025 8:10pm
MTG: DANIELA,10/17/2025 5:30pm,10/17/2025 6:30pm,_88ok8c2260rjgb9l60s30b9k8ks38ba26spj6b9g651k8c1n8gok6e1n8k,10/14/2025 5:02pm
CUL-DE-SAC GATHERING!,10/18/2025 5:00pm,10/18/2025 8:30pm,_6ss38g9n6gq46b9m6cok4b9k6cp46b9o74oj0b9p70p36d9k6gp3adpo6g,9/15/2025 10:10am
"DECOMMISSION MOSQUITO STUFF (dunk buckets, machine)",10/19/2025 2:00pm,10/19/2025 3:00pm,_690jae1n68o3ab9k6or3ab9k64sjcba16sojab9j88qj0chm8d342gho6k,10/12/2025 12:42am
RESEARCH DISHWASHERS,10/19/2025 8:00pm,10/20/2025 8:00pm,_88s3ec9g74rj0b9o6sp3ab9k6oqkaba26d1j8b9g610k2e9h6os32dq364,7/26/2025 12:44pm
ADRIAL WASH HAIR,10/19/2025 11:00pm,10/20/2025 12:00am,_8h0j0da274o46ba36oq38b9k8p2k6ba184o46b9k8csj6c9k8d0kad1i6c,10/19/2025 7:35pm
[BLOCKED OFF FOR POSSIBLE USABILITY TESTING],10/20/2025 10:00am,10/20/2025 12:55pm,_74r44g9g690jib9o65348b9k6cqk6ba16oqk8ba464o44e9k64ojce1p6k,10/8/2025 4:38pm
LUNCH & WORKOUT,10/20/2025 1:00pm,10/20/2025 2:00pm,_8gsj4gq4750j4b9k6gpjab9k71344ba170oj0ba670ojge9o8go34h9o74,10/2/2025 3:06pm
[BLOCKED OFF FOR POSSIBLE USABILITY TESTING],10/20/2025 2:00pm,10/20/2025 6:00pm,_692j2dq18p13eba68kpjab9k89146ba18h1jab9p70o3gci588sk4h238c,10/2/2025 3:07pm
USABILITY STUDY PARTICIPANT,10/20/2025 2:00pm,10/20/2025 3:00pm,_64sjgcpn8ks34b9n70o46b9k8ksj2ba26p2k4b9o71238dhl6orjgdph88,10/16/2025 12:53pm
LUNCH & WORKOUT,10/20/2025 3:00pm,10/20/2025 4:00pm,_60p48e1h8l2j6b9k6l0j4b9k64sj4b9o6so46b9i6srj8e2288oj8cq26s,10/13/2025 2:32pm
Indra’s hair cut appt 630-7,10/20/2025 6:30pm,10/20/2025 8:00pm,_88p3ihi36d332ba38go46b9k8l248ba18534ab9j8p346d236ook8gq36o,8/25/2025 7:34pm
Zoo sensory friendly day,10/21/2025 8:00am,10/21/2025 7:00pm,_6sqk8c9l650j4b9h64qk4b9k68r44b9p8kokaba58934aga66h23id1p68,10/6/2025 7:14pm
ADRIAL DENTIST,10/21/2025 2:00pm,10/21/2025 3:00pm,_6t1k2gpm8513cb9n60sjcb9k8oq30ba269248ba385132e9j6sqjcc9m84,4/9/2025 3:13pm
Meeka at HopeStar: Adrial Designs Meeting (25 mins),10/21/2025 3:45pm,10/21/2025 4:10pm,upk287p9nspkancep8chdqmdsc,10/21/2025 11:39am
WATER INSTITUTE BOOKLET,10/22/2025 11:00am,10/22/2025 1:00pm,_70p34gpn6h23cb9o88sjab9k8gr46ba16d1k6ba16p13ic1h8oojecq668,10/20/2025 11:04am
[BLOCKED OFF FOR POSSIBLE USABILITY TESTING],10/22/2025 1:00pm,10/22/2025 4:00pm,_71348cpg6cojaba2752kcb9k6sr3aba16d136ba26d230ea26oq44e9l6s,10/2/2025 3:06pm
WATER INSTITUTE BOOKLET,10/22/2025 2:00pm,10/22/2025 4:00pm,_8h0k6dq48h346ba688qjcb9k85344ba26t334b9h8kr34dho8d334da68k,10/20/2025 11:04am
FORTITUDE WORK!,10/22/2025 2:30pm,10/22/2025 5:25pm,_68oj8cq2612kaba48cp4ab9k68skab9p6sq3gb9k6os46ca36d348c256c,10/2/2025 3:04pm
"get indra up, needs to eat and brush teeth before noon",10/23/2025 11:30am,10/23/2025 12:30pm,6tr5mdtvk5dtrde5h1s2mp051q,10/22/2025 3:53pm
LUNCH & WORKOUT,10/23/2025 1:00pm,10/23/2025 2:00pm,_70p3eh9p88r46b9p6d1j8b9k8d248b9p75142ba68kr32c9k6oo3ie1i6g,10/2/2025 3:06pm
FW: The FoRtitude Study – Usability Testing  ,10/23/2025 1:30pm,10/23/2025 2:30pm,_60q30c1g60o30e1i60o4ac1g60rj8gpl88rj2c1h84s34h9g60s30c1g60o30c1g60rk8dhm6oq32ea46d348gpg64o30c1g60o30c1g60o30c1g60o32c1g60o30c1g70qjiha665238d1m88rkcc1k6cs3idpm8gr3idpi8h1k6ca36d10,10/17/2025 4:31pm
[BLOCKED OFF FOR POSSIBLE USABILITY TESTING],10/23/2025 2:00pm,10/23/2025 5:00pm,_6kqk6dq365242b9g74sk6b9k6534aba16spk4b9n6gp44h1n68p3gdpo64,10/2/2025 3:05pm
GET MEG HER PPT!,10/23/2025 2:30pm,10/23/2025 3:00pm,_6kq3gh9p70q4ab9g8p0jib9k891j6ba288p46b9n60pk6g9p891kccpl88,10/22/2025 11:29am
COACH: WILL,10/24/2025 6:30pm,10/24/2025 7:30pm,_8d13ih1o6l0jgb9o850kab9k8gq46ba26l0k4ba66cojgd1p6oo4cc1k88,10/17/2025 6:06pm
"get indra up, needs to eat and brush teeth before noon",10/25/2025 11:30am,10/25/2025 12:30pm,32u3h0b0vd12srgcmn2l2m76b2,10/22/2025 3:54pm
[POSSIBLE USABILITY TESTING BLOCKED OFF],10/27/2025 12:00pm,10/27/2025 6:00pm,_8d346da270pkcb9p74o3ab9k85346ba26oq48b9m8or32dph6l2jidhi74,10/9/2025 3:13pm
[BLOCK OFF FOR USABILITY TESTING],10/27/2025 12:30pm,10/27/2025 2:00pm,_8oq3aha18d1jaba66gr46b9k84okaba268pjib9h8l246hi564ojggq26s,10/20/2025 3:48pm
[POSSIBLE USABILITY TESTING BLOCKED OFF],10/27/2025 2:00pm,10/27/2025 5:00pm,_8gr3ichk84s38b9l8gs38b9k6l1jeba160qkcb9p6t34chi374r4cc1m8k,10/13/2025 12:22pm
[BLOCK OFF FOR SHEPS],10/27/2025 2:00pm,10/27/2025 7:00pm,_8d13cc2660oj8b9j74skcb9k8cq32b9p6ook6ba26t246ha56cr4ah1p6g,10/27/2025 12:31am
FORTITUDE UPDATES FROM NADJA!,10/27/2025 4:00pm,10/27/2025 6:30pm,_60qjag9l89142b9g8gs30b9k8ko3iba16cp32b9m84oj0ha664sjae1p88,10/27/2025 12:32am
[POSSIBLE USABILITY TESTING BLOCKED OFF],10/28/2025 11:00am,10/28/2025 4:00pm,_88r44g9g6cq36ba46op30b9k74p3ab9p651k6b9m74qj0hhm60pk4ghk6s,10/9/2025 3:15pm
FW: The FoRtitude Study – Usability Testing  ,10/28/2025 11:00am,10/28/2025 12:00pm,_60q30c1g60o30e1i60o4ac1g60rj8gpl88rj2c1h84s34h9g60s30c1g60o30c1g6go34e1m651jgea46d348gpg64o30c1g60o30c1g60o30c1g60o32c1g60o30c1g6p242e9p611j8ghj60o3ihhk69134dpg88p4cdhm652k6cq46csg,10/17/2025 4:31pm
[POSSIBLE USABILITY TESTING BLOCKED OFF],10/28/2025 12:00pm,10/28/2025 6:00pm,_60r3cc1o68q3iba38kp38b9k70o3gb9p74ojiba388o30d9j6d344gi560,10/9/2025 3:13pm
FW: The FoRtitude Study – Usability Testing,10/28/2025 1:00pm,10/28/2025 2:00pm,_60q30c1g60o30e1i60o4ac1g60rj8gpl88rj2c1h84s34h9g60s30c1g60o30c1g6kpk8h1h68o38cpi6gqk8gpg64o30c1g60o30c1g60o30c1g60o32c1g60o30c1g892kag9p6l0jeh1p74oj2chk7513aga18op38ghi8gp42gq56d30,10/24/2025 6:07pm
[BLOCK OFF FOR USABILITY TESTING],10/28/2025 3:00pm,10/28/2025 6:00pm,_6d2j2d9h6ko44ba68ork4b9k8csj6b9p8kskaba26go36ghj8p0j2h1m8c,10/20/2025 3:50pm
[BLOCK OFF FOR USABILITY TESTING],10/28/2025 3:00pm,10/28/2025 6:30pm,_712k4h228cr38ba36523ib9k85234b9o8gsjib9o88rjggi66oo44d1j84,10/27/2025 2:24am
Call Hollis ,10/28/2025 3:30pm,10/28/2025 4:30pm,_6d234g9j60sk8b9h8oq34b9k70pj6b9p6933ib9g64r3id1p85338cpo8k,10/28/2025 10:58am
[BLOCK OFF FOR USABILITY TESTING],10/28/2025 4:15pm,10/28/2025 6:30pm,_8p13ih256933ib9o60r46b9k88rjaba2892jab9n74sjihi16coj6hhn6k,10/27/2025 2:26am
MUSEUM OF LIFE & SCIENCE FREE DAY!,10/29/2025 12:00pm,10/29/2025 7:00pm,_852j2ghg6133iba48d1jcb9k8ks4cba264rj0b9k6oo30h1n850jcca460,8/20/2025 9:11am
[BLOCK OFF FOR USABILITY TESTING],10/30/2025 12:00pm,10/30/2025 1:30pm,_6cr4cgpl850jib9g6d0j6b9k8l244b9o70sj2b9k68q32ga16p146e256k,10/20/2025 3:47pm
FW: The FoRtitude Study- Usability Testing,10/30/2025 12:00pm,10/30/2025 1:00pm,_60q30c1g60o30e1i60o4ac1g60rj8gpl88rj2c1h84s34h9g60s30c1g60o30c1g88o48chh84r44cq66grk8gpg64o30c1g60o30c1g60o30c1g60o32c1g60o30c1g8cp4aha18d2j8di384q48e1k6d142g9j6cok4d1h8h1jgc2188pg,10/27/2025 12:45pm
LUNCH,10/30/2025 1:00pm,10/30/2025 1:30pm,_88sj2d9o60ok8b9n8opj8b9k692j8b9o8d334b9g6srj4dq271338e1p8c,10/27/2025 12:45pm
[BLOCK OFF FOR USABILITY TESTING],10/30/2025 4:00pm,10/30/2025 7:00pm,_6923ge9m6kq38b9l8gs3gb9k6opkcba18crj4b9h6t13eci66d33ed1k6o,10/20/2025 3:50pm
[BLOCK OFF FOR USABILITY TESTING],10/31/2025 9:00am,10/31/2025 10:30am,_88o3egho8grjcba46h134b9k8oq3ab9o74p30b9j70sjega365248gq18o,10/20/2025 3:47pm
[BLOCK OFF FOR USABILITY TESTING],10/31/2025 10:30am,10/31/2025 6:30pm,_74qkad1m8oqjib9m74q30b9k6t1kcba16krj0b9n8gr48g9o6kq3agi174,10/20/2025 3:51pm
Festival chapel hill Dia de Los muertos,11/1/2025 12:00pm,11/1/2025 5:00pm,_6cs3ce9m8l23ib9k84sjab9k68pjaba2751jib9k6grjic9j8csj8c216o,10/12/2025 12:35am
Spray shower concrobium,11/1/2025 2:00pm,11/1/2025 3:00pm,_8gs4acq48l13gba2751jgb9k70q42b9o68rj6ba56l1jgha669338cpm6k,10/27/2025 2:59pm
ADRIAL WASH HAIR,11/1/2025 11:00pm,11/1/2025 11:55pm,_6514cc236so38b9n8kq30b9k712k2b9p85334ba6612k4d9h84q4aghk8o,11/2/2025 10:06am
Meeka at HopeStar: Adrial Designs Meeting (25 mins),11/3/2025 12:00pm,11/3/2025 12:25pm,h7o78r2ucrgvvfnu8t5efi6ebo,10/30/2025 9:26am
Susan Riffel: Adrial Designs Meeting (25 mins),11/3/2025 12:45pm,11/3/2025 1:10pm,46e5foi71e2aq3aasfnqgo6i6g,10/30/2025 5:51pm
DEFINIAN ONE-PAGER,11/3/2025 3:00pm,11/3/2025 5:55pm,_60p38ghn8h2jib9n84sj6b9k6kojeb9p6sr38b9o8l1jee1i8ko44dq28c,11/3/2025 2:23pm
DEFINIAN ONE-PAGER,11/3/2025 4:30pm,11/3/2025 6:30pm,_6gojih9i8co46ba38cpk6b9k8gp30ba16l342b9o6oo3echm8kr3ce1m6c,11/3/2025 2:23pm
Daniela : Adrial Designs Meeting (50 mins),11/3/2025 6:00pm,11/3/2025 6:50pm,72n2tk5apll9q9bvlflh9dbtnk,10/24/2025 2:54pm
XXXXXX,11/4/2025 10:30am,11/4/2025 12:00pm,_751jac9o6h2k6ba16kqk6b9k6cp38ba270qjib9i70rjcdi66p0jedi174,11/3/2025 2:23pm
MTG: CCIS,11/4/2025 1:00pm,11/4/2025 2:30pm,_60q46cq68ork2b9l7514cb9k60r38ba184p46b9o6h238ca58opj4ghn8g,11/3/2025 10:10am
XXXXXX,11/4/2025 2:00pm,11/4/2025 3:30pm,_851jgchp6ksk2b9p6kr44b9k8l2jcba168ojcb9l84pkcc246p138cq660,11/3/2025 2:23pm
SHEPS WEBSITE,11/4/2025 3:00pm,11/4/2025 5:00pm,_6kp3ee258h242ba68d244b9k8kq3ab9p65132b9m6h242e226opj8e9n84,11/3/2025 7:08pm
SOLAR PANELS clean up garage and move cars!! ,11/5/2025 8:00am,11/5/2025 5:00pm,_70ojaga184sj8b9h8p2jib9k64ok2b9o74p48b9o750jgcho60pjgdhl6k,10/28/2025 5:49pm
LUNCH,11/5/2025 2:00pm,11/5/2025 3:00pm,_6op4ah9p8op44b9l6h23ib9k8l334ba288p36b9i6gs38chh68pkccq58c,11/3/2025 2:25pm
New shower filter put in May 5 2024,11/5/2025 5:00pm,11/5/2025 6:00pm,_6t2j4h1n6sojcb9m84qkab9k6d332b9p60r3cb9n8coj6cq688pj2di28g,11/3/2025 2:24pm
SOLAR PANELS clean up garage and move cars!! ,11/6/2025 8:00am,11/6/2025 5:00pm,_6srjgd1j8913ib9h6h336b9k74rk6b9p6gqk8ba571336c1p69344di668,10/28/2025 5:49pm
LUNCH,11/6/2025 12:30pm,11/6/2025 1:30pm,_68pj0gi46l2j2b9o74q3cb9k8gqkcb9o8534cb9k68s38c9m8l2kacpo74,11/3/2025 2:25pm
MUSEUM OF LIFE & SCIENCE FREE DAY!,11/7/2025 12:00pm,11/7/2025 7:00pm,_710kcdq66srj8b9m6d2kab9k8h232ba26grjab9g6cs3cghi8csjcc1n70,8/20/2025 9:12am
Ashley Balabanoff: H Opp Full Coaching Session,11/7/2025 2:00pm,11/7/2025 2:50pm,e6tmqgoghhcv4rdogi4892fdd0,10/29/2025 1:24pm
Gpa Kick? Kenny’s korny corn Maze?,11/8/2025 2:00pm,11/8/2025 5:00pm,_6srj8hi38oqk6b9i710k8b9k71342ba285238ba164q30ghm7113cgpi8c,10/7/2025 2:07am
Sunday Sound Bath,11/9/2025 4:00pm,11/9/2025 6:30pm,_84qk2ghg8opjib9l8l0j0b9k88r3iba170s48b9p8h332da16h2j2e9m60,11/7/2025 3:11pm
MTG: SHEPS DATA+,11/10/2025 2:00pm,11/10/2025 3:00pm,_61138h1o8ksj6b9j8go3gb9k750j2ba184pjgb9m8gpjeh9g8p2k8ca460,10/27/2025 3:29pm
Call narwhal?,11/10/2025 2:00pm,11/10/2025 3:00pm,_6osk2c1h8p136ba56gq36b9k8grk8b9o8cqj2ba5650k4c2560ojae2168,11/9/2025 2:28pm
ADRIAL WASH HAIR,11/13/2025 11:00pm,11/13/2025 11:55pm,_64qjihhl60rk6b9p84qj8b9k8kq4ab9p8533eb9i84o3gdpo70pk2d9g60,11/14/2025 11:21am
The FoRtitude Study - Usability Testing #6,11/14/2025 2:30pm,11/14/2025 3:30pm,_60q30c1g60o30e1i60o4ac1g60rj8gpl88rj2c1h84s34h9g60s30c1g60o30c1g8go36g9l6134cg9k6kq48gpg64o30c1g60o30c1g60o30c1g60o32c1g60o30c1g6gr42c9m68r38h226d148g9k6t136h1l6123ce9n84s42dhj850g,11/13/2025 4:14pm
New Event,11/14/2025 3:00pm,11/14/2025 6:00pm,_6cqkadi58ksjgb9j6kpk6b9k6os4cba274oj8b9g74r3ie1l8cs44dhn8k,11/12/2025 5:14pm
Hang shower towel up (2days),11/14/2025 11:55pm,11/15/2025 12:55am,_8ko4ahhh88p46b9i8d0j2b9k692k6ba26sqjiba668rk4ghg6osj0dpk6o,11/14/2025 11:20am
Meghan O'Leary: Adrial Designs Meeting (25 mins),11/17/2025 3:00pm,11/17/2025 3:25pm,ktmru2b96s6obg7ahe05pb42jg,11/13/2025 12:29pm
[BLOCK OFF FOR USABILITY TESTING],11/17/2025 4:00pm,11/17/2025 7:00pm,_88sjihi26gs42b9p6l23ib9k6h23cb9o6t138b9j6spk2h9j74rj0e228k,11/10/2025 4:27pm
Meeka at HopeStar: Adrial Designs Meeting (25 mins),11/17/2025 4:00pm,11/17/2025 4:25pm,ff4eh9ic2je4ul8o00bb3vikt0,11/17/2025 8:23am
Adrial physical 3p,11/18/2025 2:30pm,11/18/2025 4:30pm,_6go4agpn88qkab9p8p148b9k6ooj4ba26913eba3892k2ea66srjgcq268,9/12/2025 9:33pm
[BLOCK OFF FOR USABILITY TESTING],11/19/2025 2:30pm,11/19/2025 5:00pm,_8d2kchhp6p34cb9o6h148b9k8krj0b9p8grk8b9g6cpj2d9n6gqjadq16c,11/10/2025 4:28pm
Anderson windows,11/20/2025 8:00am,11/20/2025 5:00pm,_68r4ccq68gs48b9i8kp4cb9k60qjeba26sq44ba374pj0gpj6d1jggpo8c,10/6/2025 4:37pm
[BLOCK OFF FOR USABILITY TESTING],11/21/2025 12:00pm,11/21/2025 3:30pm,_8l144d9n64p42b9k712jeb9k6t0kcb9o6h148b9h64o3cd9m64pk2e2474,11/10/2025 4:28pm
Julianna Villarosa: Adrial Designs Meeting (50 mins),11/21/2025 3:30pm,11/21/2025 4:20pm,9hjubmja7cbkh94tcbkpgh3g5s,11/11/2025 10:09am
Tanner Wagaman: Adrial Designs Meeting (50 mins),11/21/2025 4:30pm,11/21/2025 5:20pm,fm54jm7gl0cadtguijn47jfrf8,11/12/2025 12:14pm
Cancel TTRS!!,11/21/2025 8:00pm,11/21/2025 9:00pm,_751j8cpn68o3gb9k6d14ab9k8oo3cba18h134ba46h230ghg64q4ce9h8c,11/10/2025 12:04pm
Heather DJs! ,11/22/2025 9:00pm,11/22/2025 11:55pm,_8kqjahi56osk2b9i6spj0b9k6ks34ba270oj8ba46l0k4hi68co36ca58c,11/17/2025 11:46pm
Cancel TTRS? ,11/23/2025 2:00pm,11/23/2025 3:00pm,_75334gpi6sqk2b9j6d238b9k74sj4b9o8gpjib9g6osjge1h64r3aga360,11/10/2025 2:45am
TTC MEETING?,11/25/2025 10:30am,11/25/2025 11:30am,_6t0k6chi612jab9n8l2kab9k6gs46b9p6co4aba68osj6d9p70p3iea570,11/22/2025 2:15pm
11a-12p EZ PRO BATH (SWEEP & RUB PIECE),11/26/2025 1:00pm,11/26/2025 2:00pm,_6ssjgchi6kpjgba26krk4b9k6gok4b9p8l0jcb9p612jidhp6gs4ce9m64,11/17/2025 1:27pm
Daniela : Adrial Designs Meeting (25 mins),11/26/2025 3:00pm,11/26/2025 3:25pm,26map3cv3tjcvctgplb8vb0l3k,11/25/2025 7:43pm
Best Buy dishwasher installation ,11/28/2025 7:00am,11/28/2025 7:00pm,_84oj8h1j891j0ba28d2k4b9k891jib9o612kcba68cojedhl6p13gea38c,11/17/2025 2:52am
ADRIAL WASH HAIR,11/30/2025 11:00pm,11/30/2025 11:55pm,_892j4e2588r38ba368sk4b9k6soj2b9o70qjgb9j6p34cghk68p4cc1k8k,12/1/2025 12:23am
Chrisana Hughes: Adrial Designs Meeting (50 mins),12/1/2025 1:00pm,12/1/2025 1:50pm,ttt70r3500jtkb4dc26fgh9fi8,11/4/2025 4:37pm
David Bollt: AKA The Mighty Thunder God: Adrial Designs Meeting (50 mins),12/1/2025 2:00pm,12/1/2025 2:50pm,ai16i789heecaed146vre8lv54,11/29/2025 12:54pm
MUSEUM OF LIFE & SCIENCE FREE DAY!,12/2/2025 12:00pm,12/2/2025 7:00pm,_68s38dho8d0jab9m8ks3eb9k60sjgba18gp4ab9l612k4gpg8kpjggho68,8/20/2025 9:12am
Adrial check on upgrade to tix,12/2/2025 2:00pm,12/2/2025 3:00pm,_8p2k2ca371136b9h8l1k6b9k890kcba284rjgb9j6113idhn68r34c9n8c,12/1/2025 8:19pm
FORTITUDE BUILD,12/3/2025 1:00pm,12/3/2025 5:30pm,_6csj8dhl8d1jcba16ssk2b9k8kojcba16csjaba570sj0cpl70qj2ga584,12/3/2025 1:01pm
LUNCH,12/3/2025 3:00pm,12/3/2025 3:30pm,_71134gpm710jab9n6osjgb9k74r34b9p710k2ba568pk6ghj8oqk8c9o8g,12/3/2025 1:06pm
LUNCH,12/3/2025 3:00pm,12/3/2025 3:30pm,_8gojih2370okcb9l64r4ab9k6ssjaba175346b9p6cp44hi18op3ie256g,12/3/2025 1:07pm
Chess 6-7 leave 530,12/3/2025 5:30pm,12/3/2025 6:30pm,_6gs36ghj6kq3eb9p8l348b9k8d23ab9p8opkcba66h23aea28ooj4g9o70,12/3/2025 11:37am
FORTITUDE BUILD,12/4/2025 9:00am,12/4/2025 1:30pm,_892jchho890jib9n61232b9k8p0jcba26t1j0ba668qj6c9i8os30gq48k,12/3/2025 1:01pm
LUNCH,12/4/2025 3:00pm,12/4/2025 3:30pm,_70pj6h1o8l334b9n8kp30b9k6gr4ab9p8ksj6ba48opj6chh64o3ce2460,12/3/2025 1:06pm
LUNCH,12/4/2025 3:00pm,12/4/2025 3:30pm,_892j6gho8kpjgb9g60sj4b9k60qjcba2750jgb9n8gp38ga46kp34g9i8o,12/3/2025 1:07pm
MODEL SOCIETY HOMEPAGE BUILD,12/4/2025 4:30pm,12/4/2025 7:00pm,_8524cgi18opkcb9m8h2k4b9k74rj2ba16oqjcba36cp30gi58h2j2e268g,12/3/2025 1:03pm
SHEPS WEBSITE DESIGN,12/5/2025 11:00am,12/5/2025 1:30pm,_6cs34ghn8kqj6ba16ss3ab9k84pjib9o651jeb9k650jce1k8523gha460,12/3/2025 1:03pm
POPSIM CAUSAL LOOP #4,12/5/2025 2:30pm,12/5/2025 5:30pm,_8d1j2d9n88q42b9n89246b9k88ok4b9o88rjab9g6op32h9h652k4e9h60,12/3/2025 1:07pm
LUNCH,12/5/2025 3:15pm,12/5/2025 6:10pm,_60pkcchm64q3iba668qj2b9k690j2ba260oj4b9i8kr34e2364rkcg9n8c,12/3/2025 1:05pm
Brains On! Universe Smarty Party,12/6/2025 4:00pm,12/6/2025 4:45pm,_6cp3ehhl74qj4b9k8cp3gb9k64sjiba275334b9o8p242gq561230d1n8o,11/30/2025 6:23pm
CONCERT IS TONIGHT! 7p-10p,12/6/2025 6:00pm,12/6/2025 10:00pm,_60sjae2664q34b9j6l138b9k70rjeb9p68qjeb9i6d348ghi890kac9o84,9/2/2025 11:02pm
Ninja open gym EXCEPT 5-6,12/7/2025 4:45pm,12/7/2025 6:15pm,_71130cq584q48b9l84q36b9k6cr3eba16gq44b9j69348hhj68sjge1i68,1/18/2026 1:41am
YES MAKE-UP Ninja open gym EXCEPT last sunday 5-6,12/7/2025 4:45pm,12/7/2025 6:15pm,_71130cq584q48b9l84q36b9k6cr3eba16gq44b9j69348hhj68sjge1i68_20251207T214500Z,1/18/2026 1:41am
SHEPS WEBSITE DESIGN,12/8/2025 11:00am,12/8/2025 2:00pm,_89138cpm6op48b9k6gqk8b9k8co32ba26h2k6b9h88r34gph84qjge9n8c,12/6/2025 1:49pm
LUNCH,12/8/2025 1:00pm,12/8/2025 1:30pm,_8crj4hhh6op4cb9h60rj0b9k64rj0ba268p3cb9o74qk8ea66p2kagq16o,12/6/2025 1:49pm
MTG: SHEPS IT WEBSITE,12/8/2025 2:00pm,12/8/2025 3:00pm,_84qjidq264q3cba384pk4b9k8gq48b9o6gpjib9l751k4c2168rj6ca584,12/5/2025 4:48pm
Watch video,12/8/2025 3:00pm,12/8/2025 4:00pm,_8p34adhk65138b9n6spjeb9k6p0k6b9p7513gb9o75238e1l6oq46h9i8g,12/4/2025 5:35pm
LUNCH,12/9/2025 1:00pm,12/9/2025 2:00pm,_6d2jcc9i64r46b9o6923ab9k89230ba284sj6ba56gsjac1h70o3gea58k,12/6/2025 1:49pm
Private with Alex! leave 5:50 (6:30-7:30),12/11/2025 5:30pm,12/11/2025 8:00pm,4h7o4vnd2e8btjhcqtcn54c9oa,12/2/2025 1:04am
ADRIAL WASH HAIR,12/11/2025 11:00pm,12/11/2025 11:55pm,_64s3gga368o3cb9p8d2j0b9k8d34cba28ko3ib9i60r3agph6ksj8d9p88,12/12/2025 2:26am
Three colleges observatory! Leave 430 (6-8),12/14/2025 5:00pm,12/14/2025 10:00pm,_6csj6gpp8p33cb9i891k4b9k70q48ba284pjab9h8d14ada48orkcdpg8g,11/27/2025 10:00pm
Dishwasher install,12/16/2025 7:00am,12/16/2025 7:00pm,_6goj2dhi6933gb9j6cojib9k88ok4b9o851j6ba48cq30e1g6l1j6hi46o,11/28/2025 1:29pm
Ezpro bath shower fix (sweep & lower buffer thingy),12/16/2025 1:30pm,12/16/2025 3:30pm,_60p44di2892k6b9k8oqk8b9k850k4ba1710k2ba174qkce1o8ksk4ga364,12/9/2025 12:35pm
CALL MARIELLE !,12/16/2025 5:00pm,12/16/2025 6:00pm,_6co38e9j6grjib9i7114ab9k84qkcba16l14ab9l6srj4d23750jicpj6c,1/8/2026 10:54am
CWJ WINTER HVAC CHECK!,12/17/2025 2:00pm,12/17/2025 4:00pm,_68q4aha485242b9i8coj2b9k8krkcba26cp32ba46cs3chi48523idpi8o,12/11/2025 12:19pm
MUSEUM OF LIFE & SCIENCE FREE DAY!,12/18/2025 12:00pm,12/18/2025 7:00pm,_7113edhj8h0jgb9i70qkcb9k8d2kaba274q36b9i8ksjedpp8gpj0ci36g,8/20/2025 9:13am
Holman family dentist 2-3 Heather,12/18/2025 1:45pm,12/18/2025 3:15pm,_88q3eha560qk6b9i6d332b9k8kok8ba18p2jgba16p23ac9m6kpj4ghl64,6/5/2025 3:12pm
CHINESE LANTERN FESTIVAL,12/18/2025 3:45pm,12/18/2025 7:15pm,_6so3ah9o64sj0b9g6grjgb9k8orjeb9o6cp36b9g6csjeghg6t0k6dq370,12/12/2025 2:23am
MTG: DAVID BOLLT,12/19/2025 2:00pm,12/19/2025 3:30pm,_6osjedi66124ab9i6t0j2b9k6p23cba16sp3eb9h70ojcc1n84r36ha38g,12/18/2025 3:15pm
Jordan & Tatiana masterclass,12/20/2025 2:00pm,12/20/2025 4:00pm,_60r3aghg6l0k2ba38kq30b9k6cojgb9o64rjaba28513ihhi6p1j2dpl8g,12/3/2025 10:32pm
60 Min Meeting between Adrial Dale and Adrial CLIENT,12/22/2025 9:00am,12/22/2025 10:00am,_d5s3cqjq8sqn8p216p8k2gqi8l76ihiqc5n40gr1dgn66rrd,12/21/2025 4:44pm
60 Min Meeting between Adrial Dale and Adrial CLIENT,12/22/2025 10:00am,12/22/2025 11:00am,_6ll32di16lkm6ua471r6ukj3cgpngrhp753k0gr1dgn66rrd,12/21/2025 4:45pm
Indra’s hair cut appt 630-7,12/22/2025 6:30pm,12/22/2025 8:00pm,_891kcd1h84q44ba5752k4b9k8ookaba18os3cb9n6d33ee1n6gs34e9l6o,10/27/2025 7:27pm
Hang shower towel up (2days),12/22/2025 11:00pm,12/22/2025 11:55pm,_8cq3ih2664r3cb9l6d142b9k710j0ba265134b9o6oq3ae1l70q32e258k,12/21/2025 5:21pm
ADRIAL WASH HAIR,12/22/2025 11:00pm,12/22/2025 11:55pm,_8p1jgc1i8l13ab9j8ks32b9k8ko4ab9o88r36ba46oojichk8cr46cq48g,12/23/2025 3:53am
CWJ WINTER HVAC CHECK!,12/24/2025 2:00pm,12/24/2025 4:00pm,_74sjaea26l134b9i8or32b9k85244ba1712j2ba564r44e9m6cr48d2388,12/17/2025 4:22pm
ADRIAL HAIRCUT (5 wks),12/28/2025 3:00pm,12/28/2025 4:00pm,_88qj0di474rjaba568sk6b9k892j6ba270q30b9n64pj0h216gs38dho6c,12/21/2025 3:38pm
Tim: Adrial Designs Meeting (50 mins),12/29/2025 6:00pm,12/29/2025 6:50pm,u484vaga1iq472feom4tk8qqmc,12/9/2025 8:51pm
Change smoke alarm batteries,1/4/2026 1:00pm,1/4/2026 2:00pm,_711j4e9p84o32b9g8d14cb9k8933gba2610j6ba4651j0gq46d13ah1l70,1/4/2026 12:05pm
New Event,1/5/2026 12:00pm,1/5/2026 3:00pm,_6orjida18oo36ba56h23cb9k6sskcba170o44b9h890jie9l88sjicq68g,12/29/2025 1:00pm
Leah Frerichs: Adrial Designs Meeting (50 mins),1/5/2026 1:30pm,1/5/2026 2:20pm,j01kciba5au1olcqm3s0833b24,12/16/2025 3:13pm
60 Min Meeting between Adrial Dale and Adrial CLIENT,1/6/2026 10:00am,1/6/2026 11:00am,_652keihoep55cdjqadt50thnep0nerr78dmk0gr1dgn66rrd,1/5/2026 7:27pm
CALL BOLLT,1/6/2026 5:00pm,1/6/2026 6:00pm,_6or4ae1i8923eba468q46b9k70rkcba16crj0b9i651k8h9i8l24agpi6o,12/30/2025 4:59pm
60 Min Meeting between Adrial Dale and Adrial CLIENT,1/7/2026 9:00am,1/7/2026 10:00am,_6t34eti59l36qe39cta4cj9i6hnmakj1cook0gr1dgn66rrd,12/22/2025 12:41pm
New Event,1/7/2026 12:15pm,1/7/2026 1:00pm,_6ko3eh9i8grkab9g68o38b9k6p334ba270o3iba48gp3gh216csj6chh84,1/8/2026 11:03am
HSA FIDELITY,1/8/2026 4:00pm,1/8/2026 5:00pm,_74o32dph6cr3ab9o6oq34b9k84o42b9p6p2j8b9k88s30ea46p234ghh68,1/6/2026 3:22pm
Chrisana Hughes: Adrial Designs Meeting (25 mins),1/8/2026 6:00pm,1/8/2026 6:25pm,bkbuvp3pmukdt4reasi3k161m0,1/6/2026 5:10pm
DISHWASHER INSTALL BEST BUY,1/9/2026 8:00am,1/9/2026 6:30pm,_8oq34c256gok4b9g6gr36b9k64oj8ba188r3eb9n6cp44cq68934adhj6o,12/21/2025 12:08pm
ICE OUT FOR GOOD,1/9/2026 11:00am,1/9/2026 12:30pm,_6coj4gq160ok4b9h70rjib9k68sk6ba16h0k4ba46spk6c228oojccq470,1/9/2026 1:28pm
EZPRO BATH SHOWER FIX (CHRIS),1/9/2026 1:30pm,1/9/2026 3:30pm,_6ooj2gq46kpjiba38h33cb9k89242b9p84q42b9o8op3eh9l6d2kag9h60,12/22/2025 2:29pm
Three colleges observatory public night 630-830! Leave 530,1/9/2026 5:20pm,1/9/2026 11:20pm,_64o3ie9o75334b9n60q38b9k6l2kcba28ko3gb9j8kq3cd218gs42ghp8g,12/2/2025 4:28pm
FUSION SATURDAY!,1/10/2026 8:00pm,1/10/2026 11:55pm,_84qjecpp6t130b9j8l0kcb9k88sjcba168r3cb9m64s3ec1n75136ea38o,12/3/2025 5:44pm
Dishwasher haul away,1/12/2026 7:00am,1/12/2026 7:00pm,_6t1k2chi60s34b9i88s3eb9k8913cba26l342b9o890k4d1l6t2kcd1j6g,12/21/2025 3:11pm
Kelly from 314 number from ed jones,1/12/2026 11:15am,1/12/2026 12:15pm,_8d2j4gpm8d2k6ba674ok2b9k652j4b9o60p46b9g8h346h9m70ojaha668,1/5/2026 4:03pm
Miranda Cominole: Adrial Designs Meeting (50 mins),1/12/2026 12:30pm,1/12/2026 1:20pm,di47b32n54stuj1bue47qagc30,1/12/2026 8:42am
MTG: SHEPS IT WEBSITE,1/12/2026 2:00pm,1/12/2026 3:00pm,_8gr36d9h6krk8b9i6523gb9k8kpkcb9o8oq4ab9h752kadhm65242di48k,12/8/2025 2:40pm
Adrial/ShepsDATA+ Research Engagement Monthly Meeting,1/12/2026 3:00pm,1/12/2026 4:00pm,_60q30c1g60o30e1i60o4ac1g60rj8gpl88rj2c1h84s34h9g60s30c1g60o30c1g68o36e9n7113gea275248ghg64o30c1g60o30c1g60o30c1g60o32c1g60o30c1g6sq3ed9n8l0j0dpk71246g9k71138dpp6p0kad256l2kcg9o710g_20260112T190000Z,12/8/2025 2:52pm
MTG: KIRAN (TOSS THE COIN),1/13/2026 10:00am,1/13/2026 11:00am,_612j4g9h61248b9h6srjeb9k6p2j2ba28ooj8b9k70pk8da669342h1i70,1/10/2026 12:30am
BLAKE HART CITY OF DURHAM HVAC INSPECTOR,1/13/2026 12:00pm,1/13/2026 3:00pm,_60sjggi68d242ba188r3cb9k6gsjcba26ss3gb9m74o3gca4690k4c1l8g,12/29/2025 1:02pm
2p MTG: BOLLT,1/13/2026 2:00pm,1/13/2026 3:00pm,_752k6d9m6crjib9j8h2k6b9k6ksjiba184sj0b9j8kokad2270r36ha564,1/10/2026 2:50pm
"Private lesson with Alex, leave 6:45 for lesson at 7:30",1/13/2026 6:30pm,1/13/2026 9:00pm,_74sjachk8coj8b9m6533eb9k8ks4cb9p8gs30b9j8kp4ae1h6oqk2ghi88,1/2/2026 10:20pm
60 Min Meeting between Adrial Dale and Adrial CLIENT,1/14/2026 11:00am,1/14/2026 12:00pm,_c4pncu348pon8kr26oqkkdb5ddl7et1m8tc40gr1dgn66rrd,1/13/2026 2:09pm
BLAKE HART CITY OF DURHAM HVAC INSPECTOR,1/14/2026 12:00pm,1/14/2026 3:00pm,_6orkag9i6cq3eb9j75344b9k6opj0ba28oqjgb9k690j0ghk74oj6d9g8o,1/9/2026 5:58pm
MEET WITH SARAH SOMETIME TODAY?,1/14/2026 12:00pm,1/14/2026 5:30pm,_60q3cha16ks36b9i74r34b9k8cpk4ba16h1kab9l8l23icq36cq32gi16s,1/13/2026 6:44pm
GET Honda inspection,1/14/2026 2:00pm,1/14/2026 3:00pm,_6ks46ga474q42b9p8os32b9k6h13eb9o6gr3eb9k68pj8h246923igpn74,12/15/2025 3:36pm
MTG: SARAH (FORTITUDE),1/15/2026 10:00am,1/15/2026 11:00am,_64q46h2688rj6b9p711jeb9k8p24aba160sjeb9n6t23ed1g70p48c1m6s,1/14/2026 3:13pm
60 Min Meeting between Adrial Dale and Adrial CLIENT,1/15/2026 11:00am,1/15/2026 12:00pm,_egq54t3kcp94agi69l44qk2ea56lior685q40gr1dgn66rrd,1/14/2026 6:06pm
Chrisana Hughes: Adrial Designs Meeting (25 mins),1/15/2026 12:00pm,1/15/2026 12:25pm,mndebm3rs6nij7l143n52hpo1g,1/14/2026 2:29pm
Meghan O'Leary: Adrial Designs Meeting (50 mins),1/15/2026 4:00pm,1/15/2026 4:50pm,faqpd6ovc66rf3jiq8cndhbet4,1/5/2026 3:47pm
CALL ARTHUR (?),1/15/2026 4:00pm,1/15/2026 5:00pm,_6gs46gq171336b9k8osj2b9k70r42ba28gsk8ba58kq42e1m85238dho8g,1/8/2026 10:57am
Meg Palmer: Adrial Designs Meeting (50 mins),1/16/2026 1:00pm,1/16/2026 1:50pm,vmq1g2ff8hqt15ukt5dom68ack,1/15/2026 11:09am
YES Ninja open gym 5-6 leave 445,1/18/2026 4:45pm,1/18/2026 6:15pm,_71130cq584q48b9l84q36b9k6cr3eba16gq44b9j69348hhj68sjge1i68_20260118T214500Z,1/18/2026 1:41am
Mr. David: Adrial Designs Meeting (50 mins),1/19/2026 12:00pm,1/19/2026 12:50pm,t005l7a1ouulgns0i90t0kqr04,1/14/2026 1:55pm
stephanie  chaput: Discovering your Opportunity — 35% off!,1/20/2026 4:00pm,1/20/2026 4:25pm,5ne8n642q22oj7kc4pgd6vs7b4,1/20/2026 11:34am
"TAIKO show at 530, leave 5",1/20/2026 5:00pm,1/20/2026 6:30pm,26ufc41ld5kailvtroiu1lvqh7,1/17/2026 1:36am
60 Min Meeting between Adrial Dale and Adrial CLIENT,1/21/2026 10:00am,1/21/2026 11:00am,_6tbmsdje91s50j2q99t42rb5dlnmiq3madrk0gr1dgn66rrd,1/19/2026 12:12pm
Mr. David: Adrial Designs Meeting (50 mins),1/21/2026 12:00pm,1/21/2026 12:50pm,lv1m8jm5vb1de5tdktgd026n0g,1/14/2026 10:39am
POTENTIAL UNC INNOVATION MEETING,1/21/2026 2:00pm,1/21/2026 3:00pm,_8cp42e1o8crk4ba688s4ab9k8kr3cb9o88qjaba68gpjee9j8gpk4hhi6c,1/14/2026 3:20pm
POTENTIAL UNC INNOVATION MEETING,1/21/2026 4:00pm,1/21/2026 5:00pm,_8op48d1k6kok6b9g7114cb9k6sokab9p8kq42b9g88r3id1p711jih9g64,1/14/2026 3:20pm
Testing between Adrial Dale and Adrial CLIENT,1/22/2026 9:00am,1/22/2026 10:00am,_ddt6imjmeti4kl2le12kmui49lh76l1n9l6k0gr1dgn66rrd,1/21/2026 1:49pm
Testing between Adrial Dale and Adrial CLIENT,1/22/2026 10:00am,1/22/2026 11:00am,_dkommj37e4p7ggppa1amksref8s44e38d1740gr1dgn66rrd,1/21/2026 1:26pm
Testing between Adrial Dale and Adrial CLIENT,1/22/2026 11:00am,1/22/2026 12:00pm,_dkpm8cqha90nikaob994mmj18t65ks9pd9q40gr1dgn66rrd,1/21/2026 1:31pm
Fidelity Investments Appointment,1/22/2026 3:00pm,1/22/2026 4:00pm,_cgr6achh70qj0bb4coqj6b9k75h3eb9o70rj4b9m70q38d336sp32oj66k,1/14/2026 3:16pm
Appointment with Fidelity,1/22/2026 5:00pm,1/22/2026 6:00pm,_6ssk6ca4692jigho8l0jgghh6op36e2468p42h9n6ksj4chm8h0j4chh6p1jic9mbso0,1/14/2026 4:15pm
New Event,1/23/2026 12:15pm,1/23/2026 12:30pm,_8h2j0dpk8cs32b9g74rj0b9k84qk6ba28ooj8ba160qj0h226923agi688,1/21/2026 7:27pm
POTENTIAL UNC INNOVATION MEETING,1/23/2026 1:00pm,1/23/2026 2:00pm,_60p48e9m6co3cb9p6h2jcb9k6d34cb9o8ork4b9l8gokad9l8l242ea460,1/14/2026 3:21pm
Navigators,1/23/2026 1:00pm,1/23/2026 4:00pm,_6go32c9k8kqj4b9o60qk8b9k64p4ab9p8l1j6b9g8go4agho6gr3ec1n6g,1/21/2026 7:26pm
Ashley Balabanoff: H Opp Full Coaching Session,1/23/2026 2:30pm,1/23/2026 3:20pm,vj3gl5ig3hc0tpr018p5dkmnt0,1/14/2026 9:45pm
ICE out for good,1/23/2026 3:00pm,1/23/2026 6:00pm,_891j6ghk8l13ab9h71138b9k8osjeba160q4ab9k84q38gpl6p1j2g9j8g,1/21/2026 7:24pm
Maybe see monks?,1/23/2026 3:30pm,1/23/2026 4:30pm,_68qj8d238gqjgba26krj6b9k70sk4b9o750k4ba26h1k8ga284rj4e1o70,1/23/2026 12:19am
COACH: WILL (MONTHLY),1/23/2026 6:30pm,1/23/2026 7:30pm,_690j0ci56l236b9o8h1jcb9k8d1jiba28p2j4ba36d1j2di26kp4ae9p6g,12/5/2025 7:36pm
MOMS DEATH ANNIVERSARY,1/25/2026 7:00pm,1/26/2026 7:00pm,_84q34cpk6h144b9g70sjeb9k60r4ab9o6gpj8ba37533chi56gq3gdhj6o,1/7/2026 6:21pm
POTENTIAL UNC INNOVATION MEETING,1/26/2026 3:00pm,1/26/2026 4:00pm,_6cs3ecq26ssjaba589338b9k651jgb9o64p44ba16kokch1j8kp4chi370,1/14/2026 3:21pm
Appointment with Fidelity,1/27/2026 5:00pm,1/27/2026 6:00pm,_6p2jic1j74q44cpi8l0k6e1k60sk8c9l6grj8cpg6spkadph8h1j8e9g8kq3edpmbso0,1/14/2026 4:14pm
Haul away,1/28/2026 7:00am,1/28/2026 7:00pm,_8h1j2chl6kr38b9k6h0j8b9k6oq4ab9o6l142ba475346h2365142d9i6s,1/9/2026 8:59pm
CSU BRAND AD MEETING,1/29/2026 6:30pm,1/29/2026 7:30pm,_6ssjgca58kqj4b9g6orjgb9k6kq3gb9o8523aba16d0j6h9o60pk4dq170,1/8/2026 6:29pm
PRINTER NOZZLE CHECK!,1/29/2026 6:30pm,1/29/2026 7:00pm,_70p42c9l6h13gb9n8cpjeb9k8cs46ba269246b9j8gqkcchk6kr32ha170,1/21/2026 2:24pm
OIE Student Staff Comms Training (5pm) ,1/29/2026 7:00pm,1/29/2026 8:00pm,_60q30c1g60o30e1i60o4ac1g60rj8gpl88rj2c1h84s34h9g60s30c1g60o30c1g6so4cea560qkcgq570o48gpg64o30c1g60o30c1g60o30c1g60o32c1g60o30c1g6cr34ghh6p1jeda274sj4ghk8ksjihhh8gsjce1l8923egq374pg,1/9/2026 1:22pm
MTG: ASHLEY BALABANOFF,1/30/2026 2:30pm,1/30/2026 3:30pm,_6oq38ghi64qjab9n6kqk4b9k88o3ab9p6p136ba16gsjcc1g64s4chhl8c,1/23/2026 12:02am
POTENTIAL UNC INNOVATION MEETING,1/30/2026 3:00pm,1/30/2026 4:00pm,_64pk2d9m85346ba574rjcb9k68ok2b9o6h24cba18cq3cea474ok2d9l88,1/14/2026 3:22pm
System Strengthening Advanced Digital Tools Meeting,1/30/2026 4:00pm,1/30/2026 5:00pm,_60q30c1g60o30e1i60o4ac1g60rj8gpl88rj2c1h84s34h9g60s30c1g60o30c1g8ko3eca36orj2c1h70rk8gpg64o30c1g60o30c1g60o30c1g60o32c1g60o30c1g84p38chp6cs3gdhn84rj0c9k60sk4hhi6l1jic1p70o3eg9k7510,1/16/2026 4:40pm
GILLINGS CPH MAGAZINE,2/2/2026 2:00pm,2/2/2026 3:00pm,_7533adpj85338ba268q3cb9k8ks3cb9p88ojib9g6p34ah1p68q48d9h70,9/15/2025 2:23pm
Mammogram check in 105 image and spine center appt 130,2/5/2026 1:00pm,2/5/2026 3:00pm,_6ks38ga16cq42ba284sj0b9k8gpj8ba28h23gb9j6l336c9i64pj8dpl60,1/30/2025 1:50pm
POTENTIAL UNC INNOVATION MEETING,2/5/2026 4:00pm,2/5/2026 5:00pm,_60p4cdhp8cq42ba5850kcb9k6cqk2ba160p36ba56oskce218l242dhl64,1/14/2026 3:22pm
POTENTIAL UNC INNOVATION MEETING,2/6/2026 3:00pm,2/6/2026 4:00pm,_8l1j4e1l64qjeba46kp42b9k74p44b9p850kcba66p33edhn6oo46cpn6s,1/14/2026 3:22pm
Mint Julep Jazz Band at Duke Swing Dance Club's Night of Swing,2/6/2026 6:00pm,2/6/2026 9:00pm,_6h2k2ha58h0k2b9j8kok6b9k68pjcb9p74okcb9o6oqkcdi270r48e9p8c,1/14/2026 2:50pm
POTENTIAL UNC INNOVATION MEETING,2/9/2026 1:00pm,2/9/2026 2:00pm,_6os42dhh8p34ab9g8ork6b9k6ook8b9p84qj6ba48cqjcdq288qkcgi260,1/14/2026 3:22pm
POTENTIAL UNC INNOVATION MEETING,2/9/2026 3:00pm,2/9/2026 4:00pm,_8l2j4dph60sjgb9h68r3cb9k84o3ib9o61138ba2852kah266l1jcda388,1/14/2026 3:22pm
"SKIN with Brian Rayala, MD",2/10/2026 3:15pm,2/10/2026 4:00pm,_at82qchkdhk5gjj2b1r4kdr6elmnija294qmml1d6934eg9d6d22qcq45kp38qjcdd56glqo997mmcqj5kp4ck3k68mj4gjnc8p56ha195t6odpp6tcm6b9i8pp58pj25kp44tam9kp7kg9d6d240trnesn6qubldphm6q31e9q2srrics,11/19/2025 1:09pm
New Event,2/12/2026 1:00pm,2/12/2026 2:00pm,_6d144chh61348b9k74r36b9k70sj4b9p84rkab9i6d33ed9l6gq32g9h64,11/19/2025 1:14pm
New Event,2/12/2026 1:00pm,2/12/2026 2:00pm,_70q30e9p61142b9g851k8b9k6p342ba160o3eb9p64r34h1g8d2k2g9m70,11/19/2025 1:14pm
COACH: WILL (MONTHLY),2/13/2026 6:30pm,2/13/2026 7:30pm,_60pk2d9l6ss34b9n60s38b9k6ssj4b9o6cr3ib9o8crk2dq48l2j4chk60,12/5/2025 7:37pm
Haircut Heather Indra,2/16/2026 6:00pm,2/16/2026 8:00pm,_8gpkacpn6t0j4b9m6kp34b9k65236b9p75144b9i6d23aghm892kaci66c,12/22/2025 7:57pm
MUSEUM OF LIFE & SCIENCE FREE DAY!,2/18/2026 12:00pm,2/18/2026 7:00pm,_8krj2ci165344ba561246b9k8kok4ba28go3gba16p130dq160r3ch9k8k,8/20/2025 9:13am
MUSEUM OF LIFE & SCIENCE FREE DAY!,3/17/2026 12:00pm,3/17/2026 7:00pm,_68okag9h6so48b9m8h0j0b9k6sqjgba28os3eba18ork6cpg84rj4da38k,8/20/2025 9:13am
MUSEUM OF LIFE & SCIENCE FREE DAY!,4/10/2026 12:00pm,4/10/2026 7:00pm,_60pj0d2588ok2ba384qjgb9k6l2kcba18cp36ba3611j0cq58p2j8ga46o,8/20/2025 9:14am
ADRIAL DENTIST,4/28/2026 2:00pm,4/28/2026 3:00pm,_752j2gi66p130b9j6op3eb9k8p342ba26srj4ba26grk4gq268p3gc2370,10/23/2025 12:42pm
MUSEUM OF LIFE & SCIENCE FREE DAY!,5/5/2026 12:00pm,5/5/2026 7:00pm,_6kr32d1h84q30b9m8gq4cb9k6ss36ba26l236b9p64oj4hhl8kr3igq38c,8/20/2025 9:14am
Heather dentist,7/2/2026 2:00pm,7/2/2026 3:00pm,_6923iea66cs3iba56gq3ib9k64sk8b9o8l2k4ba2652j4dpp68qj8cq18c,12/18/2025 2:47pm
CANCEL TARGET 360 / SHIPT,9/18/2026 7:00pm,9/18/2026 8:00pm,_71244ghi6sr38ba26coj2b9k8cq46b9p6oqk4b9g6l342ga46so44c9n6s,9/25/2025 12:42am
CANCEL TARGET 360 / SHIPT,9/18/2026 7:00pm,9/18/2026 8:00pm,_8gqk8hhg8krjcb9h68rjgb9k8gq38b9o64rk6b9n60p38dpj74sjee1l68,9/25/2025 12:42am
ADRIAL ANNUAL PHYSICAL (4p),11/19/2026 3:30pm,11/19/2026 5:00pm,_6go34d9h64r3aba371230b9k8ks44b9p74r44b9l8h0kcghg84ojid1i88,11/19/2025 1:16pm
Buy more no wonder? (Buy 1 get 1 half off),12/2/2026 3:00pm,12/2/2026 4:00pm,_6cq42c1h6krj0b9h88ok8b9k711k4ba28gp4cb9g6kp3ae228l1jaghl84,12/31/2025 2:43am
POTENTIAL UNC INNOVATION MEETING,2/10/2027 9:00pm,2/10/2027 10:00pm,_88rjgh9i6t244b9i70p4cb9k6d234b9p8os4ab9i6d1k2d1g60q3adq36g,1/14/2026 3:22pm
total lunar eclipse!,6/25/2029 2:00pm,6/25/2029 3:00pm,_8go3idq46cr46b9g8d33eb9k64p32b9p6kq3gba46l146e9o711k2e1i6k,3/14/2025 2:51am